월수금초6B,59f6c924dd538239bcb8f61f, 4:30 PM, 6:30 PM,월수금
월수금초6A,59f6c924dd538239bcb8f61f, 6:30 PM, 6:30 PM,월수금
화목토초6A,59f6c924dd538239bcb8f61f, 6:30 PM, 8:30 PM,화목토
화목토초6C,59f6c924dd538239bcb8f61f, 4:30 PM, 6:30 PM,화목토
월수금중1A,59f6c924dd538239bcb8f61f, 4:30 PM, 6:30 PM,월수금
월수금중1B,59f6c924dd538239bcb8f61f, 4:30 PM, 6:30 PM,월수금
화목토중1A,59f6c924dd538239bcb8f61f, 4:30 PM, 6:30 PM,화목토
화목토중1C,59f6c924dd538239bcb8f61f, 6:30 PM, 6:30 PM,월수금
DIASPORA,59f6c924dd538239bcb8f61f, 6:30 PM, 8:30 PM,화목토
월수금중2A,59f6c924dd538239bcb8f61f, 6:30 PM, 8:30 PM,월수금
월수금중2B,59f6c924dd538239bcb8f61f, 4:30 PM, 6:30 PM,월수금
월수금중2C,59f6c924dd538239bcb8f61f, 7:30 PM, 9:30 PM,월수금
화목토중2A,59f6c924dd538239bcb8f61f, 7:30 PM, 9:30 PM,화목토
화목토중2B1,59f6c924dd538239bcb8f61f, 4:30 PM, 6:30 PM,화목토
화목토중2B2,59f6c924dd538239bcb8f61f, 6:30 PM, 6:30 PM,화목토
CLARITUDO,59f6c924dd538239bcb8f61f, 6:30 PM, 8:30 PM,화목토
